Season,roundNumber,raceName,circuitName,Country,City,Date
2000,1,Australian Grand Prix,Albert Park Grand Prix Circuit,Australia,Melbourne,2000-03-12
2000,2,Brazilian Grand Prix,Autódromo José Carlos Pace,Brazil,São Paulo,2000-03-26
2000,3,San Marino Grand Prix,Autodromo Enzo e Dino Ferrari,Italy,Imola,2000-04-09
2000,4,British Grand Prix,Silverstone Circuit,UK,Silverstone,2000-04-23
2000,5,Spanish Grand Prix,Circuit de Barcelona-Catalunya,Spain,Montmeló,2000-05-07
2000,6,European Grand Prix,Nürburgring,Germany,Nürburg,2000-05-21
2000,7,Monaco Grand Prix,Circuit de Monaco,Monaco,Monte-Carlo,2000-06-04
2000,8,Canadian Grand Prix,Circuit Gilles Villeneuve,Canada,Montreal,2000-06-18
2000,9,French Grand Prix,Circuit de Nevers Magny-Cours,France,Magny Cours,2000-07-02
2000,10,Austrian Grand Prix,Red Bull Ring,Austria,Spielberg,2000-07-16
2000,11,German Grand Prix,Hockenheimring,Germany,Hockenheim,2000-07-30
2000,12,Hungarian Grand Prix,Hungaroring,Hungary,Budapest,2000-08-13
2000,13,Belgian Grand Prix,Circuit de Spa-Francorchamps,Belgium,Spa,2000-08-27
2000,14,Italian Grand Prix,Autodromo Nazionale di Monza,Italy,Monza,2000-09-10
2000,15,United States Grand Prix,Indianapolis Motor Speedway,USA,Indianapolis,2000-09-24
2000,16,Japanese Grand Prix,Suzuka Circuit,Japan,Suzuka,2000-10-08
2000,17,Malaysian Grand Prix,Sepang International Circuit,Malaysia,Kuala Lumpur,2000-10-22
2001,1,Australian Grand Prix,Albert Park Grand Prix Circuit,Australia,Melbourne,2001-03-04
2001,2,Malaysian Grand Prix,Sepang International Circuit,Malaysia,Kuala Lumpur,2001-03-18
2001,3,Brazilian Grand Prix,Autódromo José Carlos Pace,Brazil,São Paulo,2001-04-01
2001,4,San Marino Grand Prix,Autodromo Enzo e Dino Ferrari,Italy,Imola,2001-04-15
2001,5,Spanish Grand Prix,Circuit de Barcelona-Catalunya,Spain,Montmeló,2001-04-29
2001,6,Austrian Grand Prix,Red Bull Ring,Austria,Spielberg,2001-05-13
2001,7,Monaco Grand Prix,Circuit de Monaco,Monaco,Monte-Carlo,2001-05-27
2001,8,Canadian Grand Prix,Circuit Gilles Villeneuve,Canada,Montreal,2001-06-10
2001,9,European Grand Prix,Nürburgring,Germany,Nürburg,2001-06-24
2001,10,French Grand Prix,Circuit de Nevers Magny-Cours,France,Magny Cours,2001-07-01
2001,11,British Grand Prix,Silverstone Circuit,UK,Silverstone,2001-07-15
2001,12,German Grand Prix,Hockenheimring,Germany,Hockenheim,2001-07-29
2001,13,Hungarian Grand Prix,Hungaroring,Hungary,Budapest,2001-08-19
2001,14,Belgian Grand Prix,Circuit de Spa-Francorchamps,Belgium,Spa,2001-09-02
2001,15,Italian Grand Prix,Autodromo Nazionale di Monza,Italy,Monza,2001-09-16
2001,16,United States Grand Prix,Indianapolis Motor Speedway,USA,Indianapolis,2001-09-30
2001,17,Japanese Grand Prix,Suzuka Circuit,Japan,Suzuka,2001-10-14
2002,1,Australian Grand Prix,Albert Park Grand Prix Circuit,Australia,Melbourne,2002-03-03
2002,2,Malaysian Grand Prix,Sepang International Circuit,Malaysia,Kuala Lumpur,2002-03-17
2002,3,Brazilian Grand Prix,Autódromo José Carlos Pace,Brazil,São Paulo,2002-03-31
2002,4,San Marino Grand Prix,Autodromo Enzo e Dino Ferrari,Italy,Imola,2002-04-14
2002,5,Spanish Grand Prix,Circuit de Barcelona-Catalunya,Spain,Montmeló,2002-04-28
2002,6,Austrian Grand Prix,Red Bull Ring,Austria,Spielberg,2002-05-12
2002,7,Monaco Grand Prix,Circuit de Monaco,Monaco,Monte-Carlo,2002-05-26
2002,8,Canadian Grand Prix,Circuit Gilles Villeneuve,Canada,Montreal,2002-06-09
2002,9,European Grand Prix,Nürburgring,Germany,Nürburg,2002-06-23
2002,10,British Grand Prix,Silverstone Circuit,UK,Silverstone,2002-07-07
2002,11,French Grand Prix,Circuit de Nevers Magny-Cours,France,Magny Cours,2002-07-21
2002,12,German Grand Prix,Hockenheimring,Germany,Hockenheim,2002-07-28
2002,13,Hungarian Grand Prix,Hungaroring,Hungary,Budapest,2002-08-18
2002,14,Belgian Grand Prix,Circuit de Spa-Francorchamps,Belgium,Spa,2002-09-01
2002,15,Italian Grand Prix,Autodromo Nazionale di Monza,Italy,Monza,2002-09-15
2002,16,United States Grand Prix,Indianapolis Motor Speedway,USA,Indianapolis,2002-09-29
2002,17,Japanese Grand Prix,Suzuka Circuit,Japan,Suzuka,2002-10-13
2003,1,Australian Grand Prix,Albert Park Grand Prix Circuit,Australia,Melbourne,2003-03-09
2003,2,Malaysian Grand Prix,Sepang International Circuit,Malaysia,Kuala Lumpur,2003-03-23
2003,3,Brazilian Grand Prix,Autódromo José Carlos Pace,Brazil,São Paulo,2003-04-06
2003,4,San Marino Grand Prix,Autodromo Enzo e Dino Ferrari,Italy,Imola,2003-04-20
2003,5,Spanish Grand Prix,Circuit de Barcelona-Catalunya,Spain,Montmeló,2003-05-04
2003,6,Austrian Grand Prix,Red Bull Ring,Austria,Spielberg,2003-05-18
2003,7,Monaco Grand Prix,Circuit de Monaco,Monaco,Monte-Carlo,2003-06-01
2003,8,Canadian Grand Prix,Circuit Gilles Villeneuve,Canada,Montreal,2003-06-15
2003,9,European Grand Prix,Nürburgring,Germany,Nürburg,2003-06-29
2003,10,French Grand Prix,Circuit de Nevers Magny-Cours,France,Magny Cours,2003-07-06
2003,11,British Grand Prix,Silverstone Circuit,UK,Silverstone,2003-07-20
2003,12,German Grand Prix,Hockenheimring,Germany,Hockenheim,2003-08-03
2003,13,Hungarian Grand Prix,Hungaroring,Hungary,Budapest,2003-08-24
2003,14,Italian Grand Prix,Autodromo Nazionale di Monza,Italy,Monza,2003-09-14
2003,15,United States Grand Prix,Indianapolis Motor Speedway,USA,Indianapolis,2003-09-28
2003,16,Japanese Grand Prix,Suzuka Circuit,Japan,Suzuka,2003-10-12
2004,1,Australian Grand Prix,Albert Park Grand Prix Circuit,Australia,Melbourne,2004-03-07
2004,2,Malaysian Grand Prix,Sepang International Circuit,Malaysia,Kuala Lumpur,2004-03-21
2004,3,Bahrain Grand Prix,Bahrain International Circuit,Bahrain,Sakhir,2004-04-04
2004,4,San Marino Grand Prix,Autodromo Enzo e Dino Ferrari,Italy,Imola,2004-04-25
2004,5,Spanish Grand Prix,Circuit de Barcelona-Catalunya,Spain,Montmeló,2004-05-09
2004,6,Monaco Grand Prix,Circuit de Monaco,Monaco,Monte-Carlo,2004-05-23
2004,7,European Grand Prix,Nürburgring,Germany,Nürburg,2004-05-30
2004,8,Canadian Grand Prix,Circuit Gilles Villeneuve,Canada,Montreal,2004-06-13
2004,9,United States Grand Prix,Indianapolis Motor Speedway,USA,Indianapolis,2004-06-20
2004,10,French Grand Prix,Circuit de Nevers Magny-Cours,France,Magny Cours,2004-07-04
2004,11,British Grand Prix,Silverstone Circuit,UK,Silverstone,2004-07-11
2004,12,German Grand Prix,Hockenheimring,Germany,Hockenheim,2004-07-25
2004,13,Hungarian Grand Prix,Hungaroring,Hungary,Budapest,2004-08-15
2004,14,Belgian Grand Prix,Circuit de Spa-Francorchamps,Belgium,Spa,2004-08-29
2004,15,Italian Grand Prix,Autodromo Nazionale di Monza,Italy,Monza,2004-09-12
2004,16,Chinese Grand Prix,Shanghai International Circuit,China,Shanghai,2004-09-26
2004,17,Japanese Grand Prix,Suzuka Circuit,Japan,Suzuka,2004-10-10
2004,18,Brazilian Grand Prix,Autódromo José Carlos Pace,Brazil,São Paulo,2004-10-24
2005,1,Australian Grand Prix,Albert Park Grand Prix Circuit,Australia,Melbourne,2005-03-06
2005,2,Malaysian Grand Prix,Sepang International Circuit,Malaysia,Kuala Lumpur,2005-03-20
2005,3,Bahrain Grand Prix,Bahrain International Circuit,Bahrain,Sakhir,2005-04-03
2005,4,San Marino Grand Prix,Autodromo Enzo e Dino Ferrari,Italy,Imola,2005-04-24
2005,5,Spanish Grand Prix,Circuit de Barcelona-Catalunya,Spain,Montmeló,2005-05-08
2005,6,Monaco Grand Prix,Circuit de Monaco,Monaco,Monte-Carlo,2005-05-22
2005,7,European Grand Prix,Nürburgring,Germany,Nürburg,2005-05-29
2005,8,Canadian Grand Prix,Circuit Gilles Villeneuve,Canada,Montreal,2005-06-12
2005,9,United States Grand Prix,Indianapolis Motor Speedway,USA,Indianapolis,2005-06-19
2005,10,French Grand Prix,Circuit de Nevers Magny-Cours,France,Magny Cours,2005-07-03
2005,11,British Grand Prix,Silverstone Circuit,UK,Silverstone,2005-07-10
2005,12,German Grand Prix,Hockenheimring,Germany,Hockenheim,2005-07-24
2005,13,Hungarian Grand Prix,Hungaroring,Hungary,Budapest,2005-07-31
2005,14,Turkish Grand Prix,Istanbul Park,Turkey,Istanbul,2005-08-21
2005,15,Italian Grand Prix,Autodromo Nazionale di Monza,Italy,Monza,2005-09-04
2005,16,Belgian Grand Prix,Circuit de Spa-Francorchamps,Belgium,Spa,2005-09-11
2005,17,Brazilian Grand Prix,Autódromo José Carlos Pace,Brazil,São Paulo,2005-09-25
2005,18,Japanese Grand Prix,Suzuka Circuit,Japan,Suzuka,2005-10-09
2005,19,Chinese Grand Prix,Shanghai International Circuit,China,Shanghai,2005-10-16
2006,1,Bahrain Grand Prix,Bahrain International Circuit,Bahrain,Sakhir,2006-03-12
2006,2,Malaysian Grand Prix,Sepang International Circuit,Malaysia,Kuala Lumpur,2006-03-19
2006,3,Australian Grand Prix,Albert Park Grand Prix Circuit,Australia,Melbourne,2006-04-02
2006,4,San Marino Grand Prix,Autodromo Enzo e Dino Ferrari,Italy,Imola,2006-04-23
2006,5,European Grand Prix,Nürburgring,Germany,Nürburg,2006-05-07
2006,6,Spanish Grand Prix,Circuit de Barcelona-Catalunya,Spain,Montmeló,2006-05-14
2006,7,Monaco Grand Prix,Circuit de Monaco,Monaco,Monte-Carlo,2006-05-28
2006,8,British Grand Prix,Silverstone Circuit,UK,Silverstone,2006-06-11
2006,9,Canadian Grand Prix,Circuit Gilles Villeneuve,Canada,Montreal,2006-06-25
2006,10,United States Grand Prix,Indianapolis Motor Speedway,USA,Indianapolis,2006-07-02
2006,11,French Grand Prix,Circuit de Nevers Magny-Cours,France,Magny Cours,2006-07-16
2006,12,German Grand Prix,Hockenheimring,Germany,Hockenheim,2006-07-30
2006,13,Hungarian Grand Prix,Hungaroring,Hungary,Budapest,2006-08-06
2006,14,Turkish Grand Prix,Istanbul Park,Turkey,Istanbul,2006-08-27
2006,15,Italian Grand Prix,Autodromo Nazionale di Monza,Italy,Monza,2006-09-10
2006,16,Chinese Grand Prix,Shanghai International Circuit,China,Shanghai,2006-10-01
2006,17,Japanese Grand Prix,Suzuka Circuit,Japan,Suzuka,2006-10-08
2006,18,Brazilian Grand Prix,Autódromo José Carlos Pace,Brazil,São Paulo,2006-10-22
2007,1,Australian Grand Prix,Albert Park Grand Prix Circuit,Australia,Melbourne,2007-03-18
2007,2,Malaysian Grand Prix,Sepang International Circuit,Malaysia,Kuala Lumpur,2007-04-08
2007,3,Bahrain Grand Prix,Bahrain International Circuit,Bahrain,Sakhir,2007-04-15
2007,4,Spanish Grand Prix,Circuit de Barcelona-Catalunya,Spain,Montmeló,2007-05-13
2007,5,Monaco Grand Prix,Circuit de Monaco,Monaco,Monte-Carlo,2007-05-27
2007,6,Canadian Grand Prix,Circuit Gilles Villeneuve,Canada,Montreal,2007-06-10
2007,7,United States Grand Prix,Indianapolis Motor Speedway,USA,Indianapolis,2007-06-17
2007,8,French Grand Prix,Circuit de Nevers Magny-Cours,France,Magny Cours,2007-07-01
2007,9,British Grand Prix,Silverstone Circuit,UK,Silverstone,2007-07-08
2007,10,European Grand Prix,Nürburgring,Germany,Nürburg,2007-07-22
2007,11,Hungarian Grand Prix,Hungaroring,Hungary,Budapest,2007-08-05
2007,12,Turkish Grand Prix,Istanbul Park,Turkey,Istanbul,2007-08-26
2007,13,Italian Grand Prix,Autodromo Nazionale di Monza,Italy,Monza,2007-09-09
2007,14,Belgian Grand Prix,Circuit de Spa-Francorchamps,Belgium,Spa,2007-09-16
2007,15,Japanese Grand Prix,Fuji Speedway,Japan,Oyama,2007-09-30
2007,16,Chinese Grand Prix,Shanghai International Circuit,China,Shanghai,2007-10-07
2007,17,Brazilian Grand Prix,Autódromo José Carlos Pace,Brazil,São Paulo,2007-10-21
2008,1,Australian Grand Prix,Albert Park Grand Prix Circuit,Australia,Melbourne,2008-03-16
2008,2,Malaysian Grand Prix,Sepang International Circuit,Malaysia,Kuala Lumpur,2008-03-23
2008,3,Bahrain Grand Prix,Bahrain International Circuit,Bahrain,Sakhir,2008-04-06
2008,4,Spanish Grand Prix,Circuit de Barcelona-Catalunya,Spain,Montmeló,2008-04-27
2008,5,Turkish Grand Prix,Istanbul Park,Turkey,Istanbul,2008-05-11
2008,6,Monaco Grand Prix,Circuit de Monaco,Monaco,Monte-Carlo,2008-05-25
2008,7,Canadian Grand Prix,Circuit Gilles Villeneuve,Canada,Montreal,2008-06-08
2008,8,French Grand Prix,Circuit de Nevers Magny-Cours,France,Magny Cours,2008-06-22
2008,9,British Grand Prix,Silverstone Circuit,UK,Silverstone,2008-07-06
2008,10,German Grand Prix,Hockenheimring,Germany,Hockenheim,2008-07-20
2008,11,Hungarian Grand Prix,Hungaroring,Hungary,Budapest,2008-08-03
2008,12,European Grand Prix,Valencia Street Circuit,Spain,Valencia,2008-08-24
2008,13,Belgian Grand Prix,Circuit de Spa-Francorchamps,Belgium,Spa,2008-09-07
2008,14,Italian Grand Prix,Autodromo Nazionale di Monza,Italy,Monza,2008-09-14
2008,15,Singapore Grand Prix,Marina Bay Street Circuit,Singapore,Marina Bay,2008-09-28
2008,16,Japanese Grand Prix,Fuji Speedway,Japan,Oyama,2008-10-12
2008,17,Chinese Grand Prix,Shanghai International Circuit,China,Shanghai,2008-10-19
2008,18,Brazilian Grand Prix,Autódromo José Carlos Pace,Brazil,São Paulo,2008-11-02
2009,1,Australian Grand Prix,Albert Park Grand Prix Circuit,Australia,Melbourne,2009-03-29
2009,2,Malaysian Grand Prix,Sepang International Circuit,Malaysia,Kuala Lumpur,2009-04-05
2009,3,Chinese Grand Prix,Shanghai International Circuit,China,Shanghai,2009-04-19
2009,4,Bahrain Grand Prix,Bahrain International Circuit,Bahrain,Sakhir,2009-04-26
2009,5,Spanish Grand Prix,Circuit de Barcelona-Catalunya,Spain,Montmeló,2009-05-10
2009,6,Monaco Grand Prix,Circuit de Monaco,Monaco,Monte-Carlo,2009-05-24
2009,7,Turkish Grand Prix,Istanbul Park,Turkey,Istanbul,2009-06-07
2009,8,British Grand Prix,Silverstone Circuit,UK,Silverstone,2009-06-21
2009,9,German Grand Prix,Nürburgring,Germany,Nürburg,2009-07-12
2009,10,Hungarian Grand Prix,Hungaroring,Hungary,Budapest,2009-07-26
2009,11,European Grand Prix,Valencia Street Circuit,Spain,Valencia,2009-08-23
2009,12,Belgian Grand Prix,Circuit de Spa-Francorchamps,Belgium,Spa,2009-08-30
2009,13,Italian Grand Prix,Autodromo Nazionale di Monza,Italy,Monza,2009-09-13
2009,14,Singapore Grand Prix,Marina Bay Street Circuit,Singapore,Marina Bay,2009-09-27
2009,15,Japanese Grand Prix,Suzuka Circuit,Japan,Suzuka,2009-10-04
2009,16,Brazilian Grand Prix,Autódromo José Carlos Pace,Brazil,São Paulo,2009-10-18
2009,17,Abu Dhabi Grand Prix,Yas Marina Circuit,UAE,Abu Dhabi,2009-11-01
2010,1,Bahrain Grand Prix,Bahrain International Circuit,Bahrain,Sakhir,2010-03-14
2010,2,Australian Grand Prix,Albert Park Grand Prix Circuit,Australia,Melbourne,2010-03-28
2010,3,Malaysian Grand Prix,Sepang International Circuit,Malaysia,Kuala Lumpur,2010-04-04
2010,4,Chinese Grand Prix,Shanghai International Circuit,China,Shanghai,2010-04-18
2010,5,Spanish Grand Prix,Circuit de Barcelona-Catalunya,Spain,Montmeló,2010-05-09
2010,6,Monaco Grand Prix,Circuit de Monaco,Monaco,Monte-Carlo,2010-05-16
2010,7,Turkish Grand Prix,Istanbul Park,Turkey,Istanbul,2010-05-30
2010,8,Canadian Grand Prix,Circuit Gilles Villeneuve,Canada,Montreal,2010-06-13
2010,9,European Grand Prix,Valencia Street Circuit,Spain,Valencia,2010-06-27
2010,10,British Grand Prix,Silverstone Circuit,UK,Silverstone,2010-07-11
2010,11,German Grand Prix,Hockenheimring,Germany,Hockenheim,2010-07-25
2010,12,Hungarian Grand Prix,Hungaroring,Hungary,Budapest,2010-08-01
2010,13,Belgian Grand Prix,Circuit de Spa-Francorchamps,Belgium,Spa,2010-08-29
2010,14,Italian Grand Prix,Autodromo Nazionale di Monza,Italy,Monza,2010-09-12
2010,15,Singapore Grand Prix,Marina Bay Street Circuit,Singapore,Marina Bay,2010-09-26
2010,16,Japanese Grand Prix,Suzuka Circuit,Japan,Suzuka,2010-10-10
2010,17,Korean Grand Prix,Korean International Circuit,Korea,Yeongam County,2010-10-24
2010,18,Brazilian Grand Prix,Autódromo José Carlos Pace,Brazil,São Paulo,2010-11-07
2010,19,Abu Dhabi Grand Prix,Yas Marina Circuit,UAE,Abu Dhabi,2010-11-14
2011,1,Australian Grand Prix,Albert Park Grand Prix Circuit,Australia,Melbourne,2011-03-27
2011,2,Malaysian Grand Prix,Sepang International Circuit,Malaysia,Kuala Lumpur,2011-04-10
2011,3,Chinese Grand Prix,Shanghai International Circuit,China,Shanghai,2011-04-17
2011,4,Turkish Grand Prix,Istanbul Park,Turkey,Istanbul,2011-05-08
2011,5,Spanish Grand Prix,Circuit de Barcelona-Catalunya,Spain,Montmeló,2011-05-22
2011,6,Monaco Grand Prix,Circuit de Monaco,Monaco,Monte-Carlo,2011-05-29
2011,7,Canadian Grand Prix,Circuit Gilles Villeneuve,Canada,Montreal,2011-06-12
2011,8,European Grand Prix,Valencia Street Circuit,Spain,Valencia,2011-06-26
2011,9,British Grand Prix,Silverstone Circuit,UK,Silverstone,2011-07-10
2011,10,German Grand Prix,Nürburgring,Germany,Nürburg,2011-07-24
2011,11,Hungarian Grand Prix,Hungaroring,Hungary,Budapest,2011-07-31
2011,12,Belgian Grand Prix,Circuit de Spa-Francorchamps,Belgium,Spa,2011-08-28
2011,13,Italian Grand Prix,Autodromo Nazionale di Monza,Italy,Monza,2011-09-11
2011,14,Singapore Grand Prix,Marina Bay Street Circuit,Singapore,Marina Bay,2011-09-25
2011,15,Japanese Grand Prix,Suzuka Circuit,Japan,Suzuka,2011-10-09
2011,16,Korean Grand Prix,Korean International Circuit,Korea,Yeongam County,2011-10-16
2011,17,Indian Grand Prix,Buddh International Circuit,India,Uttar Pradesh,2011-10-30
2011,18,Abu Dhabi Grand Prix,Yas Marina Circuit,UAE,Abu Dhabi,2011-11-13
2011,19,Brazilian Grand Prix,Autódromo José Carlos Pace,Brazil,São Paulo,2011-11-27
2012,1,Australian Grand Prix,Albert Park Grand Prix Circuit,Australia,Melbourne,2012-03-18
2012,2,Malaysian Grand Prix,Sepang International Circuit,Malaysia,Kuala Lumpur,2012-03-25
2012,3,Chinese Grand Prix,Shanghai International Circuit,China,Shanghai,2012-04-15
2012,4,Bahrain Grand Prix,Bahrain International Circuit,Bahrain,Sakhir,2012-04-22
2012,5,Spanish Grand Prix,Circuit de Barcelona-Catalunya,Spain,Montmeló,2012-05-13
2012,6,Monaco Grand Prix,Circuit de Monaco,Monaco,Monte-Carlo,2012-05-27
2012,7,Canadian Grand Prix,Circuit Gilles Villeneuve,Canada,Montreal,2012-06-10
2012,8,European Grand Prix,Valencia Street Circuit,Spain,Valencia,2012-06-24
2012,9,British Grand Prix,Silverstone Circuit,UK,Silverstone,2012-07-08
2012,10,German Grand Prix,Hockenheimring,Germany,Hockenheim,2012-07-22
2012,11,Hungarian Grand Prix,Hungaroring,Hungary,Budapest,2012-07-29
2012,12,Belgian Grand Prix,Circuit de Spa-Francorchamps,Belgium,Spa,2012-09-02
2012,13,Italian Grand Prix,Autodromo Nazionale di Monza,Italy,Monza,2012-09-09
2012,14,Singapore Grand Prix,Marina Bay Street Circuit,Singapore,Marina Bay,2012-09-23
2012,15,Japanese Grand Prix,Suzuka Circuit,Japan,Suzuka,2012-10-07
2012,16,Korean Grand Prix,Korean International Circuit,Korea,Yeongam County,2012-10-14
2012,17,Indian Grand Prix,Buddh International Circuit,India,Uttar Pradesh,2012-10-28
2012,18,Abu Dhabi Grand Prix,Yas Marina Circuit,UAE,Abu Dhabi,2012-11-04
2012,19,United States Grand Prix,Circuit of the Americas,USA,Austin,2012-11-18
2012,20,Brazilian Grand Prix,Autódromo José Carlos Pace,Brazil,São Paulo,2012-11-25
2013,1,Australian Grand Prix,Albert Park Grand Prix Circuit,Australia,Melbourne,2013-03-17
2013,2,Malaysian Grand Prix,Sepang International Circuit,Malaysia,Kuala Lumpur,2013-03-24
2013,3,Chinese Grand Prix,Shanghai International Circuit,China,Shanghai,2013-04-14
2013,4,Bahrain Grand Prix,Bahrain International Circuit,Bahrain,Sakhir,2013-04-21
2013,5,Spanish Grand Prix,Circuit de Barcelona-Catalunya,Spain,Montmeló,2013-05-12
2013,6,Monaco Grand Prix,Circuit de Monaco,Monaco,Monte-Carlo,2013-05-26
2013,7,Canadian Grand Prix,Circuit Gilles Villeneuve,Canada,Montreal,2013-06-09
2013,8,British Grand Prix,Silverstone Circuit,UK,Silverstone,2013-06-30
2013,9,German Grand Prix,Nürburgring,Germany,Nürburg,2013-07-07
2013,10,Hungarian Grand Prix,Hungaroring,Hungary,Budapest,2013-07-28
2013,11,Belgian Grand Prix,Circuit de Spa-Francorchamps,Belgium,Spa,2013-08-25
2013,12,Italian Grand Prix,Autodromo Nazionale di Monza,Italy,Monza,2013-09-08
2013,13,Singapore Grand Prix,Marina Bay Street Circuit,Singapore,Marina Bay,2013-09-22
2013,14,Korean Grand Prix,Korean International Circuit,Korea,Yeongam County,2013-10-06
2013,15,Japanese Grand Prix,Suzuka Circuit,Japan,Suzuka,2013-10-13
2013,16,Indian Grand Prix,Buddh International Circuit,India,Uttar Pradesh,2013-10-27
2013,17,Abu Dhabi Grand Prix,Yas Marina Circuit,UAE,Abu Dhabi,2013-11-03
2013,18,United States Grand Prix,Circuit of the Americas,USA,Austin,2013-11-17
2013,19,Brazilian Grand Prix,Autódromo José Carlos Pace,Brazil,São Paulo,2013-11-24
2014,1,Australian Grand Prix,Albert Park Grand Prix Circuit,Australia,Melbourne,2014-03-16
2014,2,Malaysian Grand Prix,Sepang International Circuit,Malaysia,Kuala Lumpur,2014-03-30
2014,3,Bahrain Grand Prix,Bahrain International Circuit,Bahrain,Sakhir,2014-04-06
2014,4,Chinese Grand Prix,Shanghai International Circuit,China,Shanghai,2014-04-20
2014,5,Spanish Grand Prix,Circuit de Barcelona-Catalunya,Spain,Montmeló,2014-05-11
2014,6,Monaco Grand Prix,Circuit de Monaco,Monaco,Monte-Carlo,2014-05-25
2014,7,Canadian Grand Prix,Circuit Gilles Villeneuve,Canada,Montreal,2014-06-08
2014,8,Austrian Grand Prix,Red Bull Ring,Austria,Spielberg,2014-06-22
2014,9,British Grand Prix,Silverstone Circuit,UK,Silverstone,2014-07-06
2014,10,German Grand Prix,Hockenheimring,Germany,Hockenheim,2014-07-20
2014,11,Hungarian Grand Prix,Hungaroring,Hungary,Budapest,2014-07-27
2014,12,Belgian Grand Prix,Circuit de Spa-Francorchamps,Belgium,Spa,2014-08-24
2014,13,Italian Grand Prix,Autodromo Nazionale di Monza,Italy,Monza,2014-09-07
2014,14,Singapore Grand Prix,Marina Bay Street Circuit,Singapore,Marina Bay,2014-09-21
2014,15,Japanese Grand Prix,Suzuka Circuit,Japan,Suzuka,2014-10-05
2014,16,Russian Grand Prix,Sochi Autodrom,Russia,Sochi,2014-10-12
2014,17,United States Grand Prix,Circuit of the Americas,USA,Austin,2014-11-02
2014,18,Brazilian Grand Prix,Autódromo José Carlos Pace,Brazil,São Paulo,2014-11-09
2014,19,Abu Dhabi Grand Prix,Yas Marina Circuit,UAE,Abu Dhabi,2014-11-23
2015,1,Australian Grand Prix,Albert Park Grand Prix Circuit,Australia,Melbourne,2015-03-15
2015,2,Malaysian Grand Prix,Sepang International Circuit,Malaysia,Kuala Lumpur,2015-03-29
2015,3,Chinese Grand Prix,Shanghai International Circuit,China,Shanghai,2015-04-12
2015,4,Bahrain Grand Prix,Bahrain International Circuit,Bahrain,Sakhir,2015-04-19
2015,5,Spanish Grand Prix,Circuit de Barcelona-Catalunya,Spain,Montmeló,2015-05-10
2015,6,Monaco Grand Prix,Circuit de Monaco,Monaco,Monte-Carlo,2015-05-24
2015,7,Canadian Grand Prix,Circuit Gilles Villeneuve,Canada,Montreal,2015-06-07
2015,8,Austrian Grand Prix,Red Bull Ring,Austria,Spielberg,2015-06-21
2015,9,British Grand Prix,Silverstone Circuit,UK,Silverstone,2015-07-05
2015,10,Hungarian Grand Prix,Hungaroring,Hungary,Budapest,2015-07-26
2015,11,Belgian Grand Prix,Circuit de Spa-Francorchamps,Belgium,Spa,2015-08-23
2015,12,Italian Grand Prix,Autodromo Nazionale di Monza,Italy,Monza,2015-09-06
2015,13,Singapore Grand Prix,Marina Bay Street Circuit,Singapore,Marina Bay,2015-09-20
2015,14,Japanese Grand Prix,Suzuka Circuit,Japan,Suzuka,2015-09-27
2015,15,Russian Grand Prix,Sochi Autodrom,Russia,Sochi,2015-10-11
2015,16,United States Grand Prix,Circuit of the Americas,USA,Austin,2015-10-25
2015,17,Mexican Grand Prix,Autódromo Hermanos Rodríguez,Mexico,Mexico City,2015-11-01
2015,18,Brazilian Grand Prix,Autódromo José Carlos Pace,Brazil,São Paulo,2015-11-15
2015,19,Abu Dhabi Grand Prix,Yas Marina Circuit,UAE,Abu Dhabi,2015-11-29
2016,1,Australian Grand Prix,Albert Park Grand Prix Circuit,Australia,Melbourne,2016-03-20
2016,2,Bahrain Grand Prix,Bahrain International Circuit,Bahrain,Sakhir,2016-04-03
2016,3,Chinese Grand Prix,Shanghai International Circuit,China,Shanghai,2016-04-17
2016,4,Russian Grand Prix,Sochi Autodrom,Russia,Sochi,2016-05-01
2016,5,Spanish Grand Prix,Circuit de Barcelona-Catalunya,Spain,Montmeló,2016-05-15
2016,6,Monaco Grand Prix,Circuit de Monaco,Monaco,Monte-Carlo,2016-05-29
2016,7,Canadian Grand Prix,Circuit Gilles Villeneuve,Canada,Montreal,2016-06-12
2016,8,European Grand Prix,Baku City Circuit,Azerbaijan,Baku,2016-06-19
2016,9,Austrian Grand Prix,Red Bull Ring,Austria,Spielberg,2016-07-03
2016,10,British Grand Prix,Silverstone Circuit,UK,Silverstone,2016-07-10
2016,11,Hungarian Grand Prix,Hungaroring,Hungary,Budapest,2016-07-24
2016,12,German Grand Prix,Hockenheimring,Germany,Hockenheim,2016-07-31
2016,13,Belgian Grand Prix,Circuit de Spa-Francorchamps,Belgium,Spa,2016-08-28
2016,14,Italian Grand Prix,Autodromo Nazionale di Monza,Italy,Monza,2016-09-04
2016,15,Singapore Grand Prix,Marina Bay Street Circuit,Singapore,Marina Bay,2016-09-18
2016,16,Malaysian Grand Prix,Sepang International Circuit,Malaysia,Kuala Lumpur,2016-10-02
2016,17,Japanese Grand Prix,Suzuka Circuit,Japan,Suzuka,2016-10-09
2016,18,United States Grand Prix,Circuit of the Americas,USA,Austin,2016-10-23
2016,19,Mexican Grand Prix,Autódromo Hermanos Rodríguez,Mexico,Mexico City,2016-10-30
2016,20,Brazilian Grand Prix,Autódromo José Carlos Pace,Brazil,São Paulo,2016-11-13
2016,21,Abu Dhabi Grand Prix,Yas Marina Circuit,UAE,Abu Dhabi,2016-11-27
2017,1,Australian Grand Prix,Albert Park Grand Prix Circuit,Australia,Melbourne,2017-03-26
2017,2,Chinese Grand Prix,Shanghai International Circuit,China,Shanghai,2017-04-09
2017,3,Bahrain Grand Prix,Bahrain International Circuit,Bahrain,Sakhir,2017-04-16
2017,4,Russian Grand Prix,Sochi Autodrom,Russia,Sochi,2017-04-30
2017,5,Spanish Grand Prix,Circuit de Barcelona-Catalunya,Spain,Montmeló,2017-05-14
2017,6,Monaco Grand Prix,Circuit de Monaco,Monaco,Monte-Carlo,2017-05-28
2017,7,Canadian Grand Prix,Circuit Gilles Villeneuve,Canada,Montreal,2017-06-11
2017,8,Azerbaijan Grand Prix,Baku City Circuit,Azerbaijan,Baku,2017-06-25
2017,9,Austrian Grand Prix,Red Bull Ring,Austria,Spielberg,2017-07-09
2017,10,British Grand Prix,Silverstone Circuit,UK,Silverstone,2017-07-16
2017,11,Hungarian Grand Prix,Hungaroring,Hungary,Budapest,2017-07-30
2017,12,Belgian Grand Prix,Circuit de Spa-Francorchamps,Belgium,Spa,2017-08-27
2017,13,Italian Grand Prix,Autodromo Nazionale di Monza,Italy,Monza,2017-09-03
2017,14,Singapore Grand Prix,Marina Bay Street Circuit,Singapore,Marina Bay,2017-09-17
2017,15,Malaysian Grand Prix,Sepang International Circuit,Malaysia,Kuala Lumpur,2017-10-01
2017,16,Japanese Grand Prix,Suzuka Circuit,Japan,Suzuka,2017-10-08
2017,17,United States Grand Prix,Circuit of the Americas,USA,Austin,2017-10-22
2017,18,Mexican Grand Prix,Autódromo Hermanos Rodríguez,Mexico,Mexico City,2017-10-29
2017,19,Brazilian Grand Prix,Autódromo José Carlos Pace,Brazil,São Paulo,2017-11-12
2017,20,Abu Dhabi Grand Prix,Yas Marina Circuit,UAE,Abu Dhabi,2017-11-26
2018,1,Australian Grand Prix,Albert Park Grand Prix Circuit,Australia,Melbourne,2018-03-25
2018,2,Bahrain Grand Prix,Bahrain International Circuit,Bahrain,Sakhir,2018-04-08
2018,3,Chinese Grand Prix,Shanghai International Circuit,China,Shanghai,2018-04-15
2018,4,Azerbaijan Grand Prix,Baku City Circuit,Azerbaijan,Baku,2018-04-29
2018,5,Spanish Grand Prix,Circuit de Barcelona-Catalunya,Spain,Montmeló,2018-05-13
2018,6,Monaco Grand Prix,Circuit de Monaco,Monaco,Monte-Carlo,2018-05-27
2018,7,Canadian Grand Prix,Circuit Gilles Villeneuve,Canada,Montreal,2018-06-10
2018,8,French Grand Prix,Circuit Paul Ricard,France,Le Castellet,2018-06-24
2018,9,Austrian Grand Prix,Red Bull Ring,Austria,Spielberg,2018-07-01
2018,10,British Grand Prix,Silverstone Circuit,UK,Silverstone,2018-07-08
2018,11,German Grand Prix,Hockenheimring,Germany,Hockenheim,2018-07-22
2018,12,Hungarian Grand Prix,Hungaroring,Hungary,Budapest,2018-07-29
2018,13,Belgian Grand Prix,Circuit de Spa-Francorchamps,Belgium,Spa,2018-08-26
2018,14,Italian Grand Prix,Autodromo Nazionale di Monza,Italy,Monza,2018-09-02
2018,15,Singapore Grand Prix,Marina Bay Street Circuit,Singapore,Marina Bay,2018-09-16
2018,16,Russian Grand Prix,Sochi Autodrom,Russia,Sochi,2018-09-30
2018,17,Japanese Grand Prix,Suzuka Circuit,Japan,Suzuka,2018-10-07
2018,18,United States Grand Prix,Circuit of the Americas,USA,Austin,2018-10-21
2018,19,Mexican Grand Prix,Autódromo Hermanos Rodríguez,Mexico,Mexico City,2018-10-28
2018,20,Brazilian Grand Prix,Autódromo José Carlos Pace,Brazil,São Paulo,2018-11-11
2018,21,Abu Dhabi Grand Prix,Yas Marina Circuit,UAE,Abu Dhabi,2018-11-25
2019,1,Australian Grand Prix,Albert Park Grand Prix Circuit,Australia,Melbourne,2019-03-17
2019,2,Bahrain Grand Prix,Bahrain International Circuit,Bahrain,Sakhir,2019-03-31
2019,3,Chinese Grand Prix,Shanghai International Circuit,China,Shanghai,2019-04-14
2019,4,Azerbaijan Grand Prix,Baku City Circuit,Azerbaijan,Baku,2019-04-28
2019,5,Spanish Grand Prix,Circuit de Barcelona-Catalunya,Spain,Montmeló,2019-05-12
2019,6,Monaco Grand Prix,Circuit de Monaco,Monaco,Monte-Carlo,2019-05-26
2019,7,Canadian Grand Prix,Circuit Gilles Villeneuve,Canada,Montreal,2019-06-09
2019,8,French Grand Prix,Circuit Paul Ricard,France,Le Castellet,2019-06-23
2019,9,Austrian Grand Prix,Red Bull Ring,Austria,Spielberg,2019-06-30
2019,10,British Grand Prix,Silverstone Circuit,UK,Silverstone,2019-07-14
2019,11,German Grand Prix,Hockenheimring,Germany,Hockenheim,2019-07-28
2019,12,Hungarian Grand Prix,Hungaroring,Hungary,Budapest,2019-08-04
2019,13,Belgian Grand Prix,Circuit de Spa-Francorchamps,Belgium,Spa,2019-09-01
2019,14,Italian Grand Prix,Autodromo Nazionale di Monza,Italy,Monza,2019-09-08
2019,15,Singapore Grand Prix,Marina Bay Street Circuit,Singapore,Marina Bay,2019-09-22
2019,16,Russian Grand Prix,Sochi Autodrom,Russia,Sochi,2019-09-29
2019,17,Japanese Grand Prix,Suzuka Circuit,Japan,Suzuka,2019-10-13
2019,18,Mexican Grand Prix,Autódromo Hermanos Rodríguez,Mexico,Mexico City,2019-10-27
2019,19,United States Grand Prix,Circuit of the Americas,USA,Austin,2019-11-03
2019,20,Brazilian Grand Prix,Autódromo José Carlos Pace,Brazil,São Paulo,2019-11-17
2019,21,Abu Dhabi Grand Prix,Yas Marina Circuit,UAE,Abu Dhabi,2019-12-01
2020,1,Austrian Grand Prix,Red Bull Ring,Austria,Spielberg,2020-07-05
2020,2,Styrian Grand Prix,Red Bull Ring,Austria,Spielberg,2020-07-12
2020,3,Hungarian Grand Prix,Hungaroring,Hungary,Budapest,2020-07-19
2020,4,British Grand Prix,Silverstone Circuit,UK,Silverstone,2020-08-02
2020,5,70th Anniversary Grand Prix,Silverstone Circuit,UK,Silverstone,2020-08-09
2020,6,Spanish Grand Prix,Circuit de Barcelona-Catalunya,Spain,Montmeló,2020-08-16
2020,7,Belgian Grand Prix,Circuit de Spa-Francorchamps,Belgium,Spa,2020-08-30
2020,8,Italian Grand Prix,Autodromo Nazionale di Monza,Italy,Monza,2020-09-06
2020,9,Tuscan Grand Prix,Autodromo Internazionale del Mugello,Italy,Mugello,2020-09-13
2020,10,Russian Grand Prix,Sochi Autodrom,Russia,Sochi,2020-09-27
2020,11,Eifel Grand Prix,Nürburgring,Germany,Nürburg,2020-10-11
2020,12,Portuguese Grand Prix,Autódromo Internacional do Algarve,Portugal,Portimão,2020-10-25
2020,13,Emilia Romagna Grand Prix,Autodromo Enzo e Dino Ferrari,Italy,Imola,2020-11-01
2020,14,Turkish Grand Prix,Istanbul Park,Turkey,Istanbul,2020-11-15
2020,15,Bahrain Grand Prix,Bahrain International Circuit,Bahrain,Sakhir,2020-11-29
2020,16,Sakhir Grand Prix,Bahrain International Circuit,Bahrain,Sakhir,2020-12-06
2020,17,Abu Dhabi Grand Prix,Yas Marina Circuit,UAE,Abu Dhabi,2020-12-13
2021,1,Bahrain Grand Prix,Bahrain International Circuit,Bahrain,Sakhir,2021-03-28
2021,2,Emilia Romagna Grand Prix,Autodromo Enzo e Dino Ferrari,Italy,Imola,2021-04-18
2021,3,Portuguese Grand Prix,Autódromo Internacional do Algarve,Portugal,Portimão,2021-05-02
2021,4,Spanish Grand Prix,Circuit de Barcelona-Catalunya,Spain,Montmeló,2021-05-09
2021,5,Monaco Grand Prix,Circuit de Monaco,Monaco,Monte-Carlo,2021-05-23
2021,6,Azerbaijan Grand Prix,Baku City Circuit,Azerbaijan,Baku,2021-06-06
2021,7,French Grand Prix,Circuit Paul Ricard,France,Le Castellet,2021-06-20
2021,8,Styrian Grand Prix,Red Bull Ring,Austria,Spielberg,2021-06-27
2021,9,Austrian Grand Prix,Red Bull Ring,Austria,Spielberg,2021-07-04
2021,10,British Grand Prix,Silverstone Circuit,UK,Silverstone,2021-07-18
2021,11,Hungarian Grand Prix,Hungaroring,Hungary,Budapest,2021-08-01
2021,12,Belgian Grand Prix,Circuit de Spa-Francorchamps,Belgium,Spa,2021-08-29
2021,13,Dutch Grand Prix,Circuit Park Zandvoort,Netherlands,Zandvoort,2021-09-05
2021,14,Italian Grand Prix,Autodromo Nazionale di Monza,Italy,Monza,2021-09-12
2021,15,Russian Grand Prix,Sochi Autodrom,Russia,Sochi,2021-09-26
2021,16,Turkish Grand Prix,Istanbul Park,Turkey,Istanbul,2021-10-10
2021,17,United States Grand Prix,Circuit of the Americas,USA,Austin,2021-10-24
2021,18,Mexico City Grand Prix,Autódromo Hermanos Rodríguez,Mexico,Mexico City,2021-11-07
2021,19,São Paulo Grand Prix,Autódromo José Carlos Pace,Brazil,São Paulo,2021-11-14
2021,20,Qatar Grand Prix,Losail International Circuit,Qatar,Al Daayen,2021-11-21
2021,21,Saudi Arabian Grand Prix,Jeddah Corniche Circuit,Saudi Arabia,Jeddah,2021-12-05
2021,22,Abu Dhabi Grand Prix,Yas Marina Circuit,UAE,Abu Dhabi,2021-12-12
2022,1,Bahrain Grand Prix,Bahrain International Circuit,Bahrain,Sakhir,2022-03-20
2022,2,Saudi Arabian Grand Prix,Jeddah Corniche Circuit,Saudi Arabia,Jeddah,2022-03-27
2022,3,Australian Grand Prix,Albert Park Grand Prix Circuit,Australia,Melbourne,2022-04-10
2022,4,Emilia Romagna Grand Prix,Autodromo Enzo e Dino Ferrari,Italy,Imola,2022-04-24
2022,5,Miami Grand Prix,Miami International Autodrome,USA,Miami,2022-05-08
2022,6,Spanish Grand Prix,Circuit de Barcelona-Catalunya,Spain,Montmeló,2022-05-22
2022,7,Monaco Grand Prix,Circuit de Monaco,Monaco,Monte-Carlo,2022-05-29
2022,8,Azerbaijan Grand Prix,Baku City Circuit,Azerbaijan,Baku,2022-06-12
2022,9,Canadian Grand Prix,Circuit Gilles Villeneuve,Canada,Montreal,2022-06-19
2022,10,British Grand Prix,Silverstone Circuit,UK,Silverstone,2022-07-03
2022,11,Austrian Grand Prix,Red Bull Ring,Austria,Spielberg,2022-07-10
2022,12,French Grand Prix,Circuit Paul Ricard,France,Le Castellet,2022-07-24
2022,13,Hungarian Grand Prix,Hungaroring,Hungary,Budapest,2022-07-31
2022,14,Belgian Grand Prix,Circuit de Spa-Francorchamps,Belgium,Spa,2022-08-28
2022,15,Dutch Grand Prix,Circuit Park Zandvoort,Netherlands,Zandvoort,2022-09-04
2022,16,Italian Grand Prix,Autodromo Nazionale di Monza,Italy,Monza,2022-09-11
2022,17,Singapore Grand Prix,Marina Bay Street Circuit,Singapore,Marina Bay,2022-10-02
2022,18,Japanese Grand Prix,Suzuka Circuit,Japan,Suzuka,2022-10-09
2022,19,United States Grand Prix,Circuit of the Americas,USA,Austin,2022-10-23
2022,20,Mexico City Grand Prix,Autódromo Hermanos Rodríguez,Mexico,Mexico City,2022-10-30
2022,21,São Paulo Grand Prix,Autódromo José Carlos Pace,Brazil,São Paulo,2022-11-13
2022,22,Abu Dhabi Grand Prix,Yas Marina Circuit,UAE,Abu Dhabi,2022-11-20
2023,1,Bahrain Grand Prix,Bahrain International Circuit,Bahrain,Sakhir,2023-03-05
2023,2,Saudi Arabian Grand Prix,Jeddah Corniche Circuit,Saudi Arabia,Jeddah,2023-03-19
2023,3,Australian Grand Prix,Albert Park Grand Prix Circuit,Australia,Melbourne,2023-04-02
2023,4,Azerbaijan Grand Prix,Baku City Circuit,Azerbaijan,Baku,2023-04-30
2023,5,Miami Grand Prix,Miami International Autodrome,USA,Miami,2023-05-07
2023,6,Monaco Grand Prix,Circuit de Monaco,Monaco,Monte-Carlo,2023-05-28
2023,7,Spanish Grand Prix,Circuit de Barcelona-Catalunya,Spain,Montmeló,2023-06-04
2023,8,Canadian Grand Prix,Circuit Gilles Villeneuve,Canada,Montreal,2023-06-18
2023,9,Austrian Grand Prix,Red Bull Ring,Austria,Spielberg,2023-07-02
2023,10,British Grand Prix,Silverstone Circuit,UK,Silverstone,2023-07-09
2023,11,Hungarian Grand Prix,Hungaroring,Hungary,Budapest,2023-07-23
2023,12,Belgian Grand Prix,Circuit de Spa-Francorchamps,Belgium,Spa,2023-07-30
2023,13,Dutch Grand Prix,Circuit Park Zandvoort,Netherlands,Zandvoort,2023-08-27
2023,14,Italian Grand Prix,Autodromo Nazionale di Monza,Italy,Monza,2023-09-03
2023,15,Singapore Grand Prix,Marina Bay Street Circuit,Singapore,Marina Bay,2023-09-17
2023,16,Japanese Grand Prix,Suzuka Circuit,Japan,Suzuka,2023-09-24
2023,17,Qatar Grand Prix,Losail International Circuit,Qatar,Al Daayen,2023-10-08
2023,18,United States Grand Prix,Circuit of the Americas,USA,Austin,2023-10-22
2023,19,Mexico City Grand Prix,Autódromo Hermanos Rodríguez,Mexico,Mexico City,2023-10-29
2023,20,São Paulo Grand Prix,Autódromo José Carlos Pace,Brazil,São Paulo,2023-11-05
2023,21,Las Vegas Grand Prix,Las Vegas Strip Street Circuit,United States,Las Vegas,2023-11-19
2023,22,Abu Dhabi Grand Prix,Yas Marina Circuit,UAE,Abu Dhabi,2023-11-26
2024,1,Bahrain Grand Prix,Bahrain International Circuit,Bahrain,Sakhir,2024-03-02
2024,2,Saudi Arabian Grand Prix,Jeddah Corniche Circuit,Saudi Arabia,Jeddah,2024-03-09
2024,3,Australian Grand Prix,Albert Park Grand Prix Circuit,Australia,Melbourne,2024-03-24
2024,4,Japanese Grand Prix,Suzuka Circuit,Japan,Suzuka,2024-04-07
2024,5,Chinese Grand Prix,Shanghai International Circuit,China,Shanghai,2024-04-21
2024,6,Miami Grand Prix,Miami International Autodrome,USA,Miami,2024-05-05
2024,7,Emilia Romagna Grand Prix,Autodromo Enzo e Dino Ferrari,Italy,Imola,2024-05-19
2024,8,Monaco Grand Prix,Circuit de Monaco,Monaco,Monte-Carlo,2024-05-26
2024,9,Canadian Grand Prix,Circuit Gilles Villeneuve,Canada,Montreal,2024-06-09
2024,10,Spanish Grand Prix,Circuit de Barcelona-Catalunya,Spain,Montmeló,2024-06-23
2024,11,Austrian Grand Prix,Red Bull Ring,Austria,Spielberg,2024-06-30
2024,12,British Grand Prix,Silverstone Circuit,UK,Silverstone,2024-07-07
2024,13,Hungarian Grand Prix,Hungaroring,Hungary,Budapest,2024-07-21
2024,14,Belgian Grand Prix,Circuit de Spa-Francorchamps,Belgium,Spa,2024-07-28
2024,15,Dutch Grand Prix,Circuit Park Zandvoort,Netherlands,Zandvoort,2024-08-25
2024,16,Italian Grand Prix,Autodromo Nazionale di Monza,Italy,Monza,2024-09-01
2024,17,Azerbaijan Grand Prix,Baku City Circuit,Azerbaijan,Baku,2024-09-15
2024,18,Singapore Grand Prix,Marina Bay Street Circuit,Singapore,Marina Bay,2024-09-22
2024,19,United States Grand Prix,Circuit of the Americas,USA,Austin,2024-10-20
2024,20,Mexico City Grand Prix,Autódromo Hermanos Rodríguez,Mexico,Mexico City,2024-10-27
2024,21,São Paulo Grand Prix,Autódromo José Carlos Pace,Brazil,São Paulo,2024-11-03
2024,22,Las Vegas Grand Prix,Las Vegas Strip Street Circuit,United States,Las Vegas,2024-11-23
2024,23,Qatar Grand Prix,Losail International Circuit,Qatar,Al Daayen,2024-12-01
2024,24,Abu Dhabi Grand Prix,Yas Marina Circuit,UAE,Abu Dhabi,2024-12-08
